PCO_cutoff,train_rows,test_rows,R2_logTOF,MAE_logTOF,R2_TOF,MAE_TOF,TOF_min_true,TOF_max_true
1.6,195,180,0.9797095928985534,0.6784162050405586,-0.2695181912190372,1.5687799501042326e-05,6.928047748657447e-14,0.0001842237877063999
